{
    "pages" : [
        //pages数组中第一项表示应用启动页，参考：https://uniapp.dcloud.io/collocation/pages
        {
            "path" : "pages/index/index",
            "style" : {}
        },
        {
            "path" : "pages/position/position",
            "style" : {}
        },
        {
            "path" : "pages/mine/mine",
            "style" : {}
        },
        {
            "path" : "pages/mine/resume/resume",
            "style" : {
                "navigationBarTitleText" : "",
                "enablePullDownRefresh" : false,
                "navigationBarBackgroundColor" : "#FFFFFF"
            }
        },
        {
            "path" : "pages/mine/accessory/accessory",
            "style" : {
                "navigationBarTitleText" : "附件简历",
                "enablePullDownRefresh" : false,
                "navigationBarBackgroundColor" : "#FFFFFF"
            }
        },
        {
            "path" : "pages/mine/interview/interview",
            "style" : {
                "navigationBarTitleText" : "全部面试",
                "enablePullDownRefresh" : false,
                "navigationBarBackgroundColor" : "#FFFFFF"
            }
        },
        {
            "path" : "pages/mine/subscription/subscription",
            "style" : {
                "navigationBarTitleText" : "订阅职位",
                "enablePullDownRefresh" : false,
                "navigationBarBackgroundColor" : "#FFFFFF"
            }
        },
        {
            "path" : "pages/index/search/search",
            "style" : {
                "navigationBarTitleText" : "",
                "enablePullDownRefresh" : false
            }
        }
        ,{
            "path" : "pages/record/record",
            "style" :                                                                                    
            {
                "navigationBarTitleText": "",
                "enablePullDownRefresh": false
            }
            
        }
    ],
    "globalStyle" : {
        "navigationBarTextStyle" : "black",
        "navigationBarTitleText" : "",
        "navigationBarBackgroundColor" : "#37C2BB",
        "titleImage" : "https://files.catbox.moe/qb9125.png"
    },
    "tabBar" : {
        "color" : "#787878",
        "selectedColor" : "#515151",
        "borderStyle" : "black",
        "backgroundColor" : "#FFFFFF",
        "list" : [
            {
                "pagePath" : "pages/index/index",
                "iconPath" : "static/image/position.png",
                "selectedIconPath" : "static/image/position1.png",
                "text" : "职位"
            },
            {
                "pagePath" : "pages/position/position",
                "iconPath" : "static/image/bixin.png",
                "selectedIconPath" : "static/image/bixin1.png",
                "text" : "有了"
            },
            {
                "pagePath" : "pages/record/record",
                "iconPath" : "static/image/news.png",
                "selectedIconPath" : "static/image/news1.png",
                "text" : "消息"
            },
            {
                "pagePath" : "pages/mine/mine",
                "iconPath" : "static/image/mine.png",
                "selectedIconPath" : "static/image/mine1.png",
                "text" : "我的"
            }
        ]
    }
}
